Sr.No.,Attribute ,Test Name ,Author , Test Writer,Status,Start Date,End Date 
1,  dhl_ups.argus.1.egrRewrite.egrTruncation,,  udy,sheagraw,NOT_STARTED, 01/01/0000,01/02/0000
2,  dhl_ups.argus.2.egrRewrite.pktLenIncreaseInfo,,  udy,sheagraw,NOT_STARTED, 01/01/0000,01/02/0000
3,  dhl_ups.argus.3.egrRewrite.Intr,,  udy,,NOT_STARTED, 01/01/0000,01/02/0000
4,  dhl_ups.argus.4.egrRewrite.cpuAccess,,  udy,,NOT_STARTED, 01/01/0000,01/02/0000
5,  dhl_ups.argus.5.egrRewrite.disSeqErrorChk,,,,NOT_STARTED, 01/01/0000,01/02/0000
6,  dhl_ups.argus.6.egrRewrite.busParErrorChk,,,,NOT_STARTED, 01/01/0000,01/02/0000
7,  dhl_ups.argus.7.egrRewrite.sysPktErrFlowThrough,,,,NOT_STARTED, 01/01/0000,01/02/0000
8,  dhl_ups.argus.8.egrRewrite.cornerCases,,,,NOT_STARTED, 01/01/0000,01/02/0000
9, dhl_ups.argus.9.egrRewrite.L2Padding,  agsEgrL2PaddingTest.sv,  udy,sheagraw,STANDALONE, 01/01/0000,01/02/0000
10,  dhl.argus.10.egrRewrite.TphRemovalNoMacSecHdrInsert,,  udy,,NOT_STARTED, 01/01/0000,01/02/0000
11,  dhl.argus.11.egrRewrite.TphRemovalMacSecHdrInsert8Or16Byte,,  udy,,NOT_STARTED, 01/01/0000,01/02/0000
12,  dhl.argus.12.egrRewrite.L2CtsHdrSecActionBypassDrop,  agsL2EgrL2CtsHdrSecActionBypassDropTest.sv,  udy,SKONAPUR,CODED (Cdet filed for a design issue), 05/26/2010, 06/01/2010
13,  dhl.argus.13.egrRewrite.L2CtsHdrSecActionProcessEncMacInsert8_16,  agsL2EgrL2CtsHdrSecActionProcessEncMacInsert8Test.sv,  udy,SKONAPUR,CODED,  06/02/2010,  06/07/2010
14,  dhl.argus.14.egrRewrite.L2CtsHdrSecActionProcessNoEncMacInsert8_16,,  udy,,NOT_STARTED, 01/01/0000,01/02/0000
15,  dhl.argus.15.egrRewrite.L2CtsHdrSecActionProcessSpecialMacsec,  agsL2EgrTestL2CtsHdrSecActionProcessSpecialMacsec.sv,  udy,SKONAPUR,DONE, 04/21/0000,04/23/0000
16,  ups.argus.16.egrRewrite.L3EncPadding,  agsL3EgrTestL3EncPadding.sv,  udy,sheagraw,STANDALONE, 03/23/2010,03/24/2010
17,  ups.argus.17.egrRewrite.L3CtsHdrTrailerInsert, agsL3EgrL3CtsHdrTrailerInsertTest.sv,  udy,sheagraw,STANDALONE, 01/01/0000,01/02/0000
18,  ups.argus.18.egrRewrite.dtlsEncapNonAppTypeAsserted,  agsL3EgrDtlsEncapNonAppTypeAssertedTest.sv,  udy,sheagraw,STANDALONE, 03/19/2010,03/18/2010
19,  ups.argus.19.egrRewrite.dtlsEncapNonAppTypeNotAsserted,  agsL3EgrDtlsEncapNonAppTypeNotAssertedTest.sv,  chihwang  udy,sheagraw,STANDALONE, 03/19/2010,03/22/2010
20,  ups.argus.20.egrRewrite.ipsecEspEncap,  agsL3EgrTestIpSecEspEncap.sv,  chihwang  udy,sheagraw,STANDALONE, 03/15/2010,03/16/2010
21,  ups.argus.21.egrRewrite.ipsecAhEncap,,  chihwang  udy,,NOT_STARTED, 01/01/0000,01/02/0000
22,  ups.argus.22.egrRewrite.cmdHdrInsertGetVpn,  agsL3EgrcmdHdrInsertGetVpnTest.sv,  udy,sheagraw,CODED, 01/01/0000,01/02/0000
23,  ups.argus.23.egrRewrite.cmdHdrModifyGetVpn,   agsL3EgrcmdHdrModifyGetVpnTest.sv,  udy,sheagraw,CODED, 01/01/0000,01/02/0000
24,  ups.argus.24.egrRewrite.PseudoTimerUpdate,,,sheagraw,NOT_STARTED, 01/01/0000,01/02/0000
25,  ups.argus.1.egrRewrite.ipsecEspEncap,  agsL3EgrIpSecEspEncapTest.sv,  mangupt2,sheagraw,STANDALONE, 01/01/0000,01/02/0000
26,  ups.argus.2.egrRewrite.ipsecEspEncapWithSeqNum,  agsL3EgrIpSecEspEncapWithSeqNumTest.sv,  mangupt2,sheagraw,STANDALONE, 01/01/0000,01/02/0000
27,  ups.argus.3.egrRewrite.ipsecEspEncrypt,,  mangupt2,,NOT_STARTED, 01/01/0000,01/02/0000
28,  ups.argus.4.egrRewrite.ipsecEspEncap_2,  agsL3EgrIpSecEspEncap_2Test.sv,  mangupt2,sheagraw,STANDALONE, 01/01/0000,01/02/0000
29,  ups.argus.5.egrRewrite.ipsecAHEncap,,  mangupt2,sheagraw,NOT_STARTED, 01/01/0000,01/02/0000
30,  ups.argus.6.egrRewrite.DtlsEncap,,  mangupt2,,NOT_STARTED, 01/01/0000,01/02/0000
31,  ups.argus.7.egrRewrite.GETVPNEncap,,  mangupt2,,NOT_STARTED, 01/01/0000,01/02/0000
32,  ups.argus.8.egrRewrite.ipsecAhEncap_2,  agsL3EgrIpsecAhEncap_2Test.sv,  mangupt2,sheagraw,CODED, 01/01/0000,01/02/0000
33,  ups.argus.9.egrRewrite.AesGoldenVector2,  agsL3EgrAesGoldenVectorTest.sv agsL3EgrAesGoldenVectorTest2.sv agsL3EgrAesGoldenVectorTest3.sv,  sheagraw,sheagraw,DONE, 01/01/0000,01/02/0000
34,  dhl_ups.argus.1.egrRewrite.egrTruncation_1,  agsL3EgrEgrTruncationTest.sv,  udy,sheagraw,STANDALONE, 01/01/0000,01/02/0000
35,  dhl_ups.argus.2.egrRewrite.pktLenIncreaseInfo_1,  agsL3EgrPktLenIncreaseInfoTest.sv,  udy,sheagraw,CODED, 01/01/0000,01/02/0000
36, dhl_ups.argus.9.egrRewrite.L2Padding_1, agsL3EgrL2Padding,  udy,sheagraw,DONE, 01/01/0000,01/02/0000
,

,TOTAL , 36
,NOT_STARTED,STARTED,CODED,STANDALONE,DONE,TOTAL
,13,,,,,13
mkujur,,,,0,0,0
suleraje,0,,0,0,0,0
agsL2IgrRandTest.sv,,,,0,,0
SKONAPUR,,,2,,1,3
mthakare,,,0,,0,0
sheagraw,4,,4,10,2,20
mkujur	,,,,,0,0
jporia,0,,,,,0
saudasgu,,,0,,,0
